{"cameraMode":{"drawMode":0,"name":"Shaded","section":"Shading Mode"},"sceneLighting":true,"audioPlay":false,"sceneViewState":{"showFog":true,"showMaterialUpdate":true,"showSkybox":false,"showFlares":true,"showImageEffects":true,"showParticleSystems":true},"in2DMode":false,"pivot":{"x":8.683650970458985,"y":-0.5920567512512207,"z":6.483453750610352},"rotation":{"x":0.11300946772098541,"y":0.4775939881801605,"z":-0.06210392713546753,"w":0.8690699338912964},"size":15.50970458984375,"orthographic":false}